<?xml version="1.0" encoding="UTF-8"?>
<project-private xmlns="http://www.netbeans.org/ns/project-private/1">
    <editor-bookmarks xmlns="http://www.netbeans.org/ns/editor-bookmarks/2" lastBookmarkId="0"/>
    <open-files xmlns="http://www.netbeans.org/ns/projectui-open-files/2">
        <group>
            <file>file:/D:/Schule/Schuljahr_2019-20/POS_2019-20/Java/Exa_405_BruteForce/src/at/eliastrummer/bruteforce/BrutoForceManager.java</file>
            <file>file:/D:/Schule/Schuljahr_2019-20/POS_2019-20/Java/Exa_405_BruteForce/src/at/eliastrummer/bruteforce/BrutoForceWorker.java</file>
            <file>file:/D:/Schule/Schuljahr_2019-20/POS_2019-20/Java/Exa_405_BruteForce/src/at/eliastrummer/bruteforce/ResultHolder.java</file>
        </group>
    </open-files>
</project-private>
