<?xml version="1.0" encoding="UTF-8"?>
<project-private xmlns="http://www.netbeans.org/ns/project-private/1">
    <editor-bookmarks xmlns="http://www.netbeans.org/ns/editor-bookmarks/2" lastBookmarkId="0"/>
    <open-files xmlns="http://www.netbeans.org/ns/projectui-open-files/2">
        <group>
            <file>file:/D:/Schule/Schuljahr_2019-20/POS_2019-20/Java/Exa_504_BookDB/src/at/eliastrummer/database/DBCachedConnection.java</file>
            <file>file:/D:/Schule/Schuljahr_2019-20/POS_2019-20/Java/Exa_504_BookDB/src/at/eliastrummer/util/HTMLTemplate.java</file>
            <file>file:/D:/Schule/Schuljahr_2019-20/POS_2019-20/Java/Exa_504_BookDB/src/at/eliastrummer/database/Database.java</file>
            <file>file:/D:/Schule/Schuljahr_2019-20/POS_2019-20/Java/Exa_504_BookDB/src/res/database.properties</file>
            <file>file:/D:/Schule/Schuljahr_2019-20/POS_2019-20/Java/Exa_504_BookDB/src/at/eliastrummer/beans/Book.java</file>
            <file>file:/D:/Schule/Schuljahr_2019-20/POS_2019-20/Java/Exa_504_BookDB/src/at/eliastrummer/beans/Author.java</file>
            <file>file:/D:/Schule/Schuljahr_2019-20/POS_2019-20/Java/Exa_504_BookDB/src/at/eliastrummer/gui/BookDB.java</file>
            <file>file:/D:/Schule/Schuljahr_2019-20/POS_2019-20/Java/Exa_504_BookDB/src/at/eliastrummer/database/DBAcces.java</file>
            <file>file:/D:/Schule/Schuljahr_2019-20/POS_2019-20/Java/Exa_504_BookDB/src/at/eliastrummer/gui/BookModel.java</file>
            <file>file:/D:/Schule/Schuljahr_2019-20/POS_2019-20/Java/Exa_504_BookDB/src/at/eliastrummer/database/SQLStatements.java</file>
            <file>file:/D:/Schule/Schuljahr_2019-20/POS_2019-20/Java/Exa_504_BookDB/src/at/eliastrummer/util/MergeReminder.java</file>
        </group>
    </open-files>
</project-private>
