<?xml version="1.0" encoding="UTF-8"?>
<project-private xmlns="http://www.netbeans.org/ns/project-private/1">
    <editor-bookmarks xmlns="http://www.netbeans.org/ns/editor-bookmarks/2" lastBookmarkId="0"/>
    <open-files xmlns="http://www.netbeans.org/ns/projectui-open-files/2">
        <group>
            <file>file:/D:/Schule/Schuljahr_2019-20/POS_2019-20/Java/Exa_505_EmployeesDB/src/res/database.properties</file>
            <file>file:/D:/Schule/Schuljahr_2019-20/POS_2019-20/Java/Exa_505_EmployeesDB/src/at/eliastrummer/gui/EmployeeGUI.java</file>
            <file>file:/D:/Schule/Schuljahr_2019-20/POS_2019-20/Java/Exa_505_EmployeesDB/src/at/eliastrummer/bl/EmployeesModel.java</file>
            <file>file:/D:/Schule/Schuljahr_2019-20/POS_2019-20/Java/Exa_505_EmployeesDB/src/at/eliastrummer/database/DBAccess.java</file>
            <file>file:/D:/Schule/Schuljahr_2019-20/POS_2019-20/Java/Exa_505_EmployeesDB/src/at/eliastrummer/beans/Employee.java</file>
            <file>file:/D:/Schule/Schuljahr_2019-20/POS_2019-20/Java/Exa_505_EmployeesDB/src/at/eliastrummer/database/SQLStatements.java</file>
        </group>
    </open-files>
</project-private>
