first_name,last_name,passwd,hash
Lamar,Shinton,9j0g3,0216f81e9af45048d6960b271f306243
Kippy,Cleere,c1cty,d48ecbb20ddea4b2766f0e5a0466a9b8
Winny,Masser,71ki1,c408e4fbede48900f964059fb81731c0
Shell,Assender,k25cd,cb4e7a803aebdafa7fae0e35bdafe631
Barbaraanne,Josephi,fzufp,1341a2e8999c82bdc1790257c8fcb601
Rosalyn,Kerfoot,wy0nk,e7b63e87938627119920bb7c9d1560f5
Vernen,Whatman,qau9w,f39a4c63b253119308c7359d7c6f61ab
Jayne,Ganders,q50be,fe06e46c7e6118952039e91f116c5220
Abra,Tovey,eydp2,864fff1be9916df787656306f54fca42
Alon,Gribble,rlpun,bda3a1e65aa8e4eebfca781797ef3c67
Nicko,Scottrell,pqdno,34e106d105b7856bbc3a8a372b33a3bc
Jeramie,Chastel,3vjbp,7a13fd616458708a0d13a11b81f1d330
Archibold,Galiford,yfucv,4859767a9fd039eb98fe98e5180ee322
Grenville,Scirman,of6se,c17e27a20b4a97fb73ccf2b7cc98329b
Mort,Coggen,kuanh,77ba03015c8cf1c51787a433140f6a64
Wilie,Roseblade,e926i,26a4c23cceb75c960d76b2be39aeebef
Shannon,Szymaniak,zyxbb,289ec4f3817ffd1b5f1f70e261bc0db6
Chuck,Luberto,tajxc,25940365b85a47b01c9ebe1119cfa6c5
Brynn,Macconaghy,8j7ue,5e58f3cf883b53c67acee0f8c0a0982d
Padraic,Nano,am80c,164773293eb178356cd1437fe571e694
Orren,Connor,fu0nm,64c01254c82d135011aecb4121397811
Bernadette,Barthelme,purlg,82838f02ce9d3785b39bf7be9b403143
Essa,Livezley,abcae,57e63ecedcb0390a21c391b11c06769a
Kerstin,Rispin,a9heg,60269eab8d51b7546b6e4f1ca7d939e6
Germain,Abbes,bjgrm,c47b40524948e6960c09d47595c6660c
Emilia,Sinisbury,xsldr,74f92588e786d7c807634d24f7839919
Fawnia,Cossell,5ltba,0ff81ce8d5a38557516f3be599182f42
Meryl,Saunderson,7vbx7,a233d4997d8a8ea4f45fc804129193aa
Carlin,Duckett,etujv,a32468ce7fb7ec902c09c0bf23c52d28
Carmelina,Perryman,vtola,eadf755f2a7f4e1cff09426e0d7eaa56
Gaynor,Garnar,2bzso,a729884006e84ad04bfe6af08e5323bf
Jasper,Castelin,ng7o7,9e04dde9293a4c30087869002d383264
Ranique,Gilloran,uzm5n,7d9a5dfb3df1211a270c439d750e1afb
Hyacinthie,Di Giorgio,kzrdc,73fa59575f7cf0e575b40bfb513d157b
Burty,Piggin,ru7p3,810837db7e9e3e46032c9e4ff6bd11ce
Aurore,Vicary,yueel,7aa22001ac39bd6a1eacd24664664753
Guntar,Toun,b5o1k,108390162328288bb45da8467975b690
Meryl,Fairbridge,gtwj7,68541963c2fc8a734e41716536f79b1d
Glen,Payze,7t2ex,29c5083c56491f3bb532fa208bb3c54a
Isidoro,Di Biasio,uvdab,b4f3459dc454e02053f22262d2842436
Durant,Daw,7crgk,d9f5fc00f42036dc4cc21cd46f090b50
Jordanna,Gladdor,m2x24,8e49e4d40bfd7aba189ddca5463f8ef1
Monroe,Witherington,5zbew,969cfc1a8145a3028fc4f27f88b39f0d
Edouard,Fozard,hzb9t,0488ed17d164ca2a9bd815f6e73152de
Justino,Gurr,j3zdw,44fad1dab3b2d2ac55435ba85a2fd43d
Skell,Spivie,fz5g1,865debce40e993c48fe2087664ef17dd
Ford,Baseggio,7hp4t,793a9cd13e896a86f81d5e33ef37b253
Arabelle,Bysshe,6qhxf,9227682ae34bee4fc6f808735a88a2e4
Livvy,Belton,uuyba,767a7f2096226086d01699dd9700d0b7
Quincy,Courvert,5s33a,f5661fece16fd85927f62de2116294a8
Aline,Iacovolo,lamwn,5797a2ade3d3f16feca06027f5041a2b
Marven,Letts,9y8rf,9b7ec9fa80b27d56006de0b1ea3777d1
Aldrich,Kelcey,onosi,a061703c0a91518c128ef60bfe7f128e
Zonnya,Di Bartolommeo,sggxs,d7c7a45b48637bb7c4313ab05e6697e1
Erinn,Dowman,7bwtp,5dc701584e3aa5854f99f04a5fe97f19
Megen,Lambdean,9fuio,8baec6427e21533239727c7f777f5195
Bartolemo,Fahy,fyuyx,4b0bc6df6b0b7b1e151db86a78ce2774
Sallee,Walenta,dhxwl,da54b9b580cb790d6cf26b3722126c56
Belita,Toffolo,2htom,7f1adc578469be2420942f77a2b69f17
Maryellen,Lippi,vcofc,f9dba799c683b201893960505c99a424
Hulda,Cardero,tk5zl,0138f4394ce62e22da446528142e7e7e
Grier,Whitchurch,ofe1m,fa8ae6a5b1198c3852fd8a49a0af7d1f
Hymie,Huyton,5utm5,0825564586888640c3cf7e8d77db5733
Ephrem,Brimson,t7z9v,f11a81e131b95efcacb91e11ce6e1db9
La verne,Halversen,1e6f7,24f6dac704d045d879f908ba0a93e8d7
Ethelin,Coldman,gvtti,29151b1f27cfcbd195318cae1c123aed
Inez,Aspey,jawi0,c7825e2205a55716f21ad81aede3951c
Ingar,Fifield,ovwhy,45b76868657e224059bc8ca786437de3
Dacia,Mearns,jcdgq,a1f23c24e00e4e691314deb6600db002
Oren,Fender,xgvwi,a8313a992c790179bd0094a40d20bb1d
Marcelo,Yousef,ro0nv,fce0fbbb833405430f1fc2135de85ce9
Iggie,Shortell,yb1db,eabbfc79eeb09acca064b42c8d539c21
Harvey,Poluzzi,leqn3,f0453d5221770966af2257ec9edbd5d1
Emlynn,Ruddell,3nbpp,4c8d8f68e0f517b22ccea96d7f4130cb
Ramon,Bellew,8mafs,68b3e30ac394b0c95f8e165b2bc4f702
Shae,Hamblington,pruli,8cba98c30f02b108675e037506444914
Viole,Dahlback,gi7pa,e3b6444e6867e1271b3d7b236963cab6
Niko,Murra,kyrdc,e52c9425b78a48f6a691ae0972b1e1be
Jolee,Delete,wzu4p,7707e96d632c76471ebcc1881766b858
Hali,Chafney,yo6it,27050e29a3d98b174393ede5493622e9
Coletta,Kirckman,qn8ws,9a26518b53995ac0a7898be62e8214bb
Guglielmo,Lamborne,3sfhb,0d76b2be12e3ae44d62b3fa0dba1c574
Etta,Fitzsimons,sb2ml,5933f0c4a66cd58ec82bf99761f4a35e
Hakeem,Chicco,qktne,d8dd27a4b7942c36355445fb95efa0a6
Birk,Pickthall,pwdos,b2eaf83fb147141fb1bc6d827afde4b9
Gert,Cockburn,d6um2,de0ebe98aef2203a86428d5a8a7f21c9
Manolo,Jess,nbzgk,6f2a7b2d4be03912cf09f0adce6f80e1
Inga,Giovannetti,6dc7o,536ce0b2fc979e400c0de967a805877c
Vevay,Gookey,xh6mn,8ca274b2cd18e7de905af36464194092
Isabel,Ratledge,s44uz,bc4384f02afde8e47b44c42bc16a7e15
Eydie,Simony,cn7g6,c21e28ee818c152d80c4405ff75e1589
Gerrard,Castro,essyc,a00e1f7d5ed99b419a8a1667cdd725dd
Benjamin,Ricciardo,zx6pa,b2b47203947e68b7ecddd34a3a014820
Izabel,Boyet,wwz22,97ec8c6e0711da6f1a0eba17125d02ec
Lynnelle,Trewhitt,56yry,e895e6916afa06dcf2a0aa3982f71634
Thorn,Leere,xjl8z,49ac63e3ae3d3df455ec0e243c3c704a
Sherry,Dyter,eawmj,69c7107c6f2dcd01d497a7cae8bccc6a
Dyanne,Totterdill,qyxcw,4ab7feb87dbaa632d7682cdf28aef231
Herschel,Pizzie,aczj4,3490a0c7d1b66063f5e8c73e42f5dd6c
Nanci,Abrey,f0qzz,1a6569b1d77ddda69905b5f90d412140