<?xml version="1.0" encoding="UTF-8"?>
<project-private xmlns="http://www.netbeans.org/ns/project-private/1">
    <editor-bookmarks xmlns="http://www.netbeans.org/ns/editor-bookmarks/2" lastBookmarkId="0"/>
    <open-files xmlns="http://www.netbeans.org/ns/projectui-open-files/2">
        <group>
            <file>file:/D:/Schule/Schuljahr_2019-20/POS_2019-20/Java/Exa_503_SchoolDB/src/at/eliastrummer/beans/Student.java</file>
            <file>file:/D:/Schule/Schuljahr_2019-20/POS_2019-20/Java/Exa_503_SchoolDB/src/res/database.properties</file>
            <file>file:/D:/Schule/Schuljahr_2019-20/POS_2019-20/Java/Exa_503_SchoolDB/src/at/eliastrummer/database/DBAcces.java</file>
            <file>file:/D:/Schule/Schuljahr_2019-20/POS_2019-20/Java/Exa_503_SchoolDB/src/at/eliastrummer/database/DBCachedConnection.java</file>
            <file>file:/D:/Schule/Schuljahr_2019-20/POS_2019-20/Java/Exa_503_SchoolDB/src/at/eliastrummer/gui/SchoolGUI.java</file>
            <file>file:/D:/Schule/Schuljahr_2019-20/POS_2019-20/Java/Exa_503_SchoolDB/src/at/eliastrummer/database/Database.java</file>
            <file>file:/D:/Schule/Schuljahr_2019-20/POS_2019-20/Java/Exa_503_SchoolDB/src/at/eliastrummer/database/SQLStatements.java</file>
            <file>file:/D:/Schule/Schuljahr_2019-20/POS_2019-20/Java/Exa_503_SchoolDB/src/at/eliastrummer/database/StatementType.java</file>
            <file>file:/D:/Schule/Schuljahr_2019-20/POS_2019-20/Java/Exa_503_SchoolDB/src/at/eliastrummer/database/DBProperties.java</file>
        </group>
    </open-files>
</project-private>
